"","num_trees","rmse"
"1",32,8.24823391848432
"2",64,8.21093550769192
"3",128,8.15956650479221
"4",256,8.1010712235144
"5",512,8.0384137706234
"6",1024,7.98043917181502
"7",2048,7.93966702687292
"8",4096,7.9241887783087
"9",8192,7.91898121428179
"10",16384,7.91634724858867
