"","num_trees","rmse"
"1",32,8.29334020957936
"2",64,8.28733336319367
"3",128,8.27633273317012
"4",256,8.25700273501244
"5",512,8.224660268675
"6",1024,8.17756806317606
"7",2048,8.1205160692663
"8",4096,8.05886089373336
"9",8192,7.99692667264291
"10",16384,7.94458392833852
